V,IC50,Type
-115.384615384615,4.95087385970804,2A
-95.3846153846154,9.6561792291135,2A
-75.2447552447553,28.033798517231,2A
-65.034965034965,53.8893648357459,2A
-55.1048951048951,111.2656338581,2A
-34.8251748251748,516.244034524005,2A
-14.965034965035,3184.67293027603,2A
-115.384615384615,13.9733052139839,2D
-95.3846153846154,32.7845717969458,2D
-75.2447552447553,106.642142389716,2D
-65.1748251748252,210.951195449231,2D
-55.1048951048951,454.435402517584,2D
-34.965034965035,2079.12045528847,2D
-14.8251748251748,12112.2664648157,2D
-115.384615384615,22.3358687527205,2A S632L
-95.3846153846154,44.1874709168957,2A S632L
-75.1048951048951,122.905388209109,2A S632L
-65.1748251748252,236.354952558378,2A S632L
-55.1048951048951,460.940636276543,2A S632L
-35.1048951048951,2109.30228992395,2A S632L
-14.8251748251748,13004.3788799277,2A S632L
